scenario,target_percentile,target_quantile,selected_peak_time,hours_from_peak,time,rain_mm,rain_24h_mm,peak_24h_rain_mm
normal,P75,0.75,2019-11-10 12:00:00,-24,2019-11-09 12:00:00,0.00,0.600,2.500
normal,P75,0.75,2019-11-10 12:00:00,-23,2019-11-09 13:00:00,0.00,0.600,2.500
normal,P75,0.75,2019-11-10 12:00:00,-22,2019-11-09 14:00:00,0.40,1.000,2.500
normal,P75,0.75,2019-11-10 12:00:00,-21,2019-11-09 15:00:00,0.50,1.400,2.500
normal,P75,0.75,2019-11-10 12:00:00,-20,2019-11-09 16:00:00,0.00,1.400,2.500
normal,P75,0.75,2019-11-10 12:00:00,-19,2019-11-09 17:00:00,0.00,1.400,2.500
normal,P75,0.75,2019-11-10 12:00:00,-18,2019-11-09 18:00:00,0.00,1.400,2.500
normal,P75,0.75,2019-11-10 12:00:00,-17,2019-11-09 19:00:00,0.00,1.400,2.500
normal,P75,0.75,2019-11-10 12:00:00,-16,2019-11-09 20:00:00,0.00,1.400,2.500
normal,P75,0.75,2019-11-10 12:00:00,-15,2019-11-09 21:00:00,0.00,1.400,2.500
normal,P75,0.75,2019-11-10 12:00:00,-14,2019-11-09 22:00:00,0.00,1.400,2.500
normal,P75,0.75,2019-11-10 12:00:00,-13,2019-11-09 23:00:00,0.00,1.400,2.500
normal,P75,0.75,2019-11-10 12:00:00,-12,2019-11-10 00:00:00,0.00,1.400,2.500
normal,P75,0.75,2019-11-10 12:00:00,-11,2019-11-10 01:00:00,0.00,1.000,2.500
normal,P75,0.75,2019-11-10 12:00:00,-10,2019-11-10 02:00:00,0.00,0.900,2.500
normal,P75,0.75,2019-11-10 12:00:00,-9,2019-11-10 03:00:00,0.00,0.900,2.500
normal,P75,0.75,2019-11-10 12:00:00,-8,2019-11-10 04:00:00,0.00,0.900,2.500
normal,P75,0.75,2019-11-10 12:00:00,-7,2019-11-10 05:00:00,0.00,0.900,2.500
normal,P75,0.75,2019-11-10 12:00:00,-6,2019-11-10 06:00:00,0.00,0.900,2.500
normal,P75,0.75,2019-11-10 12:00:00,-5,2019-11-10 07:00:00,0.00,0.900,2.500
normal,P75,0.75,2019-11-10 12:00:00,-4,2019-11-10 08:00:00,0.00,0.900,2.500
normal,P75,0.75,2019-11-10 12:00:00,-3,2019-11-10 09:00:00,0.20,1.100,2.500
normal,P75,0.75,2019-11-10 12:00:00,-2,2019-11-10 10:00:00,0.30,1.400,2.500
normal,P75,0.75,2019-11-10 12:00:00,-1,2019-11-10 11:00:00,0.30,1.700,2.500
normal,P75,0.75,2019-11-10 12:00:00,0,2019-11-10 12:00:00,0.80,2.500,2.500
normal,P75,0.75,2019-11-10 12:00:00,1,2019-11-10 13:00:00,0.00,2.500,2.500
normal,P75,0.75,2019-11-10 12:00:00,2,2019-11-10 14:00:00,0.10,2.200,2.500
normal,P75,0.75,2019-11-10 12:00:00,3,2019-11-10 15:00:00,0.00,1.700,2.500
normal,P75,0.75,2019-11-10 12:00:00,4,2019-11-10 16:00:00,0.00,1.700,2.500
normal,P75,0.75,2019-11-10 12:00:00,5,2019-11-10 17:00:00,0.00,1.700,2.500
normal,P75,0.75,2019-11-10 12:00:00,6,2019-11-10 18:00:00,0.00,1.700,2.500
normal,P75,0.75,2019-11-10 12:00:00,7,2019-11-10 19:00:00,0.00,1.700,2.500
normal,P75,0.75,2019-11-10 12:00:00,8,2019-11-10 20:00:00,0.00,1.700,2.500
normal,P75,0.75,2019-11-10 12:00:00,9,2019-11-10 21:00:00,0.00,1.700,2.500
normal,P75,0.75,2019-11-10 12:00:00,10,2019-11-10 22:00:00,0.00,1.700,2.500
normal,P75,0.75,2019-11-10 12:00:00,11,2019-11-10 23:00:00,0.00,1.700,2.500
normal,P75,0.75,2019-11-10 12:00:00,12,2019-11-11 00:00:00,0.00,1.700,2.500
normal,P75,0.75,2019-11-10 12:00:00,13,2019-11-11 01:00:00,0.00,1.700,2.500
normal,P75,0.75,2019-11-10 12:00:00,14,2019-11-11 02:00:00,0.00,1.700,2.500
normal,P75,0.75,2019-11-10 12:00:00,15,2019-11-11 03:00:00,0.00,1.700,2.500
normal,P75,0.75,2019-11-10 12:00:00,16,2019-11-11 04:00:00,0.00,1.700,2.500
normal,P75,0.75,2019-11-10 12:00:00,17,2019-11-11 05:00:00,0.00,1.700,2.500
normal,P75,0.75,2019-11-10 12:00:00,18,2019-11-11 06:00:00,0.00,1.700,2.500
normal,P75,0.75,2019-11-10 12:00:00,19,2019-11-11 07:00:00,0.00,1.700,2.500
normal,P75,0.75,2019-11-10 12:00:00,20,2019-11-11 08:00:00,0.00,1.700,2.500
normal,P75,0.75,2019-11-10 12:00:00,21,2019-11-11 09:00:00,0.00,1.500,2.500
normal,P75,0.75,2019-11-10 12:00:00,22,2019-11-11 10:00:00,0.00,1.200,2.500
normal,P75,0.75,2019-11-10 12:00:00,23,2019-11-11 11:00:00,0.00,0.900,2.500
moderate,P90,0.90,2018-06-24 01:00:00,-24,2018-06-23 01:00:00,0.00,0.000,9.800
moderate,P90,0.90,2018-06-24 01:00:00,-23,2018-06-23 02:00:00,0.00,0.000,9.800
moderate,P90,0.90,2018-06-24 01:00:00,-22,2018-06-23 03:00:00,0.00,0.000,9.800
moderate,P90,0.90,2018-06-24 01:00:00,-21,2018-06-23 04:00:00,0.00,0.000,9.800
moderate,P90,0.90,2018-06-24 01:00:00,-20,2018-06-23 05:00:00,0.00,0.000,9.800
moderate,P90,0.90,2018-06-24 01:00:00,-19,2018-06-23 06:00:00,0.00,0.000,9.800
moderate,P90,0.90,2018-06-24 01:00:00,-18,2018-06-23 07:00:00,0.00,0.000,9.800
moderate,P90,0.90,2018-06-24 01:00:00,-17,2018-06-23 08:00:00,0.00,0.000,9.800
moderate,P90,0.90,2018-06-24 01:00:00,-16,2018-06-23 09:00:00,0.00,0.000,9.800
moderate,P90,0.90,2018-06-24 01:00:00,-15,2018-06-23 10:00:00,0.00,0.000,9.800
moderate,P90,0.90,2018-06-24 01:00:00,-14,2018-06-23 11:00:00,0.00,0.000,9.800
moderate,P90,0.90,2018-06-24 01:00:00,-13,2018-06-23 12:00:00,0.40,0.400,9.800
moderate,P90,0.90,2018-06-24 01:00:00,-12,2018-06-23 13:00:00,0.20,0.600,9.800
moderate,P90,0.90,2018-06-24 01:00:00,-11,2018-06-23 14:00:00,0.10,0.700,9.800
moderate,P90,0.90,2018-06-24 01:00:00,-10,2018-06-23 15:00:00,0.40,1.100,9.800
moderate,P90,0.90,2018-06-24 01:00:00,-9,2018-06-23 16:00:00,0.00,1.100,9.800
moderate,P90,0.90,2018-06-24 01:00:00,-8,2018-06-23 17:00:00,0.10,1.200,9.800
moderate,P90,0.90,2018-06-24 01:00:00,-7,2018-06-23 18:00:00,0.00,1.200,9.800
moderate,P90,0.90,2018-06-24 01:00:00,-6,2018-06-23 19:00:00,0.00,1.200,9.800
moderate,P90,0.90,2018-06-24 01:00:00,-5,2018-06-23 20:00:00,0.20,1.400,9.800
moderate,P90,0.90,2018-06-24 01:00:00,-4,2018-06-23 21:00:00,1.90,3.300,9.800
moderate,P90,0.90,2018-06-24 01:00:00,-3,2018-06-23 22:00:00,4.80,8.100,9.800
moderate,P90,0.90,2018-06-24 01:00:00,-2,2018-06-23 23:00:00,0.10,8.200,9.800
moderate,P90,0.90,2018-06-24 01:00:00,-1,2018-06-24 00:00:00,0.70,8.900,9.800
moderate,P90,0.90,2018-06-24 01:00:00,0,2018-06-24 01:00:00,0.90,9.800,9.800
moderate,P90,0.90,2018-06-24 01:00:00,1,2018-06-24 02:00:00,0.00,9.800,9.800
moderate,P90,0.90,2018-06-24 01:00:00,2,2018-06-24 03:00:00,0.00,9.800,9.800
moderate,P90,0.90,2018-06-24 01:00:00,3,2018-06-24 04:00:00,0.00,9.800,9.800
moderate,P90,0.90,2018-06-24 01:00:00,4,2018-06-24 05:00:00,0.00,9.800,9.800
moderate,P90,0.90,2018-06-24 01:00:00,5,2018-06-24 06:00:00,0.00,9.800,9.800
moderate,P90,0.90,2018-06-24 01:00:00,6,2018-06-24 07:00:00,0.00,9.800,9.800
moderate,P90,0.90,2018-06-24 01:00:00,7,2018-06-24 08:00:00,0.00,9.800,9.800
moderate,P90,0.90,2018-06-24 01:00:00,8,2018-06-24 09:00:00,0.00,9.800,9.800
moderate,P90,0.90,2018-06-24 01:00:00,9,2018-06-24 10:00:00,0.00,9.800,9.800
moderate,P90,0.90,2018-06-24 01:00:00,10,2018-06-24 11:00:00,0.00,9.800,9.800
moderate,P90,0.90,2018-06-24 01:00:00,11,2018-06-24 12:00:00,0.00,9.400,9.800
moderate,P90,0.90,2018-06-24 01:00:00,12,2018-06-24 13:00:00,0.00,9.200,9.800
moderate,P90,0.90,2018-06-24 01:00:00,13,2018-06-24 14:00:00,0.00,9.100,9.800
moderate,P90,0.90,2018-06-24 01:00:00,14,2018-06-24 15:00:00,0.00,8.700,9.800
moderate,P90,0.90,2018-06-24 01:00:00,15,2018-06-24 16:00:00,0.50,9.200,9.800
moderate,P90,0.90,2018-06-24 01:00:00,16,2018-06-24 17:00:00,0.20,9.300,9.800
moderate,P90,0.90,2018-06-24 01:00:00,17,2018-06-24 18:00:00,0.00,9.300,9.800
moderate,P90,0.90,2018-06-24 01:00:00,18,2018-06-24 19:00:00,0.00,9.300,9.800
moderate,P90,0.90,2018-06-24 01:00:00,19,2018-06-24 20:00:00,0.00,9.100,9.800
moderate,P90,0.90,2018-06-24 01:00:00,20,2018-06-24 21:00:00,0.00,7.200,9.800
moderate,P90,0.90,2018-06-24 01:00:00,21,2018-06-24 22:00:00,0.00,2.400,9.800
moderate,P90,0.90,2018-06-24 01:00:00,22,2018-06-24 23:00:00,1.40,3.700,9.800
moderate,P90,0.90,2018-06-24 01:00:00,23,2018-06-25 00:00:00,2.60,5.600,9.800
heavy,P95,0.95,2017-10-16 22:00:00,-24,2017-10-15 22:00:00,0.00,6.100,16.600
heavy,P95,0.95,2017-10-16 22:00:00,-23,2017-10-15 23:00:00,0.70,6.800,16.600
heavy,P95,0.95,2017-10-16 22:00:00,-22,2017-10-16 00:00:00,0.70,7.500,16.600
heavy,P95,0.95,2017-10-16 22:00:00,-21,2017-10-16 01:00:00,0.00,7.500,16.600
heavy,P95,0.95,2017-10-16 22:00:00,-20,2017-10-16 02:00:00,0.00,7.500,16.600
heavy,P95,0.95,2017-10-16 22:00:00,-19,2017-10-16 03:00:00,0.00,7.500,16.600
heavy,P95,0.95,2017-10-16 22:00:00,-18,2017-10-16 04:00:00,0.00,7.500,16.600
heavy,P95,0.95,2017-10-16 22:00:00,-17,2017-10-16 05:00:00,0.00,7.500,16.600
heavy,P95,0.95,2017-10-16 22:00:00,-16,2017-10-16 06:00:00,0.80,8.300,16.600
heavy,P95,0.95,2017-10-16 22:00:00,-15,2017-10-16 07:00:00,0.90,9.200,16.600
heavy,P95,0.95,2017-10-16 22:00:00,-14,2017-10-16 08:00:00,0.90,10.100,16.600
heavy,P95,0.95,2017-10-16 22:00:00,-13,2017-10-16 09:00:00,0.60,10.700,16.600
heavy,P95,0.95,2017-10-16 22:00:00,-12,2017-10-16 10:00:00,0.40,11.100,16.600
heavy,P95,0.95,2017-10-16 22:00:00,-11,2017-10-16 11:00:00,0.10,11.100,16.600
heavy,P95,0.95,2017-10-16 22:00:00,-10,2017-10-16 12:00:00,0.10,11.000,16.600
heavy,P95,0.95,2017-10-16 22:00:00,-9,2017-10-16 13:00:00,0.00,10.700,16.600
heavy,P95,0.95,2017-10-16 22:00:00,-8,2017-10-16 14:00:00,0.10,7.800,16.600
heavy,P95,0.95,2017-10-16 22:00:00,-7,2017-10-16 15:00:00,0.30,5.700,16.600
heavy,P95,0.95,2017-10-16 22:00:00,-6,2017-10-16 16:00:00,0.10,5.700,16.600
heavy,P95,0.95,2017-10-16 22:00:00,-5,2017-10-16 17:00:00,0.00,5.700,16.600
heavy,P95,0.95,2017-10-16 22:00:00,-4,2017-10-16 18:00:00,2.30,8.000,16.600
heavy,P95,0.95,2017-10-16 22:00:00,-3,2017-10-16 19:00:00,2.90,10.900,16.600
heavy,P95,0.95,2017-10-16 22:00:00,-2,2017-10-16 20:00:00,3.40,14.300,16.600
heavy,P95,0.95,2017-10-16 22:00:00,-1,2017-10-16 21:00:00,1.60,15.900,16.600
heavy,P95,0.95,2017-10-16 22:00:00,0,2017-10-16 22:00:00,0.70,16.600,16.600
heavy,P95,0.95,2017-10-16 22:00:00,1,2017-10-16 23:00:00,0.40,16.300,16.600
heavy,P95,0.95,2017-10-16 22:00:00,2,2017-10-17 00:00:00,0.10,15.700,16.600
heavy,P95,0.95,2017-10-16 22:00:00,3,2017-10-17 01:00:00,0.00,15.700,16.600
heavy,P95,0.95,2017-10-16 22:00:00,4,2017-10-17 02:00:00,0.00,15.700,16.600
heavy,P95,0.95,2017-10-16 22:00:00,5,2017-10-17 03:00:00,0.00,15.700,16.600
heavy,P95,0.95,2017-10-16 22:00:00,6,2017-10-17 04:00:00,0.00,15.700,16.600
heavy,P95,0.95,2017-10-16 22:00:00,7,2017-10-17 05:00:00,0.00,15.700,16.600
heavy,P95,0.95,2017-10-16 22:00:00,8,2017-10-17 06:00:00,0.00,14.900,16.600
heavy,P95,0.95,2017-10-16 22:00:00,9,2017-10-17 07:00:00,0.00,14.000,16.600
heavy,P95,0.95,2017-10-16 22:00:00,10,2017-10-17 08:00:00,0.00,13.100,16.600
heavy,P95,0.95,2017-10-16 22:00:00,11,2017-10-17 09:00:00,0.00,12.500,16.600
heavy,P95,0.95,2017-10-16 22:00:00,12,2017-10-17 10:00:00,0.00,12.100,16.600
heavy,P95,0.95,2017-10-16 22:00:00,13,2017-10-17 11:00:00,0.00,12.000,16.600
heavy,P95,0.95,2017-10-16 22:00:00,14,2017-10-17 12:00:00,0.00,11.900,16.600
heavy,P95,0.95,2017-10-16 22:00:00,15,2017-10-17 13:00:00,0.00,11.900,16.600
heavy,P95,0.95,2017-10-16 22:00:00,16,2017-10-17 14:00:00,0.00,11.800,16.600
heavy,P95,0.95,2017-10-16 22:00:00,17,2017-10-17 15:00:00,0.00,11.500,16.600
heavy,P95,0.95,2017-10-16 22:00:00,18,2017-10-17 16:00:00,0.00,11.400,16.600
heavy,P95,0.95,2017-10-16 22:00:00,19,2017-10-17 17:00:00,0.00,11.400,16.600
heavy,P95,0.95,2017-10-16 22:00:00,20,2017-10-17 18:00:00,0.00,9.100,16.600
heavy,P95,0.95,2017-10-16 22:00:00,21,2017-10-17 19:00:00,0.00,6.200,16.600
heavy,P95,0.95,2017-10-16 22:00:00,22,2017-10-17 20:00:00,0.00,2.800,16.600
heavy,P95,0.95,2017-10-16 22:00:00,23,2017-10-17 21:00:00,0.00,1.200,16.600
extreme,P99,0.99,2016-07-22 19:00:00,-24,2016-07-21 19:00:00,0.00,2.900,40.200
extreme,P99,0.99,2016-07-22 19:00:00,-23,2016-07-21 20:00:00,0.80,3.700,40.200
extreme,P99,0.99,2016-07-22 19:00:00,-22,2016-07-21 21:00:00,0.90,4.200,40.200
extreme,P99,0.99,2016-07-22 19:00:00,-21,2016-07-21 22:00:00,0.80,4.800,40.200
extreme,P99,0.99,2016-07-22 19:00:00,-20,2016-07-21 23:00:00,0.70,5.300,40.200
extreme,P99,0.99,2016-07-22 19:00:00,-19,2016-07-22 00:00:00,2.40,7.400,40.200
extreme,P99,0.99,2016-07-22 19:00:00,-18,2016-07-22 01:00:00,4.40,11.600,40.200
extreme,P99,0.99,2016-07-22 19:00:00,-17,2016-07-22 02:00:00,5.70,17.300,40.200
extreme,P99,0.99,2016-07-22 19:00:00,-16,2016-07-22 03:00:00,5.90,23.200,40.200
extreme,P99,0.99,2016-07-22 19:00:00,-15,2016-07-22 04:00:00,5.00,28.200,40.200
extreme,P99,0.99,2016-07-22 19:00:00,-14,2016-07-22 05:00:00,4.20,32.400,40.200
extreme,P99,0.99,2016-07-22 19:00:00,-13,2016-07-22 06:00:00,3.20,34.900,40.200
extreme,P99,0.99,2016-07-22 19:00:00,-12,2016-07-22 07:00:00,2.30,36.600,40.200
extreme,P99,0.99,2016-07-22 19:00:00,-11,2016-07-22 08:00:00,1.30,37.600,40.200
extreme,P99,0.99,2016-07-22 19:00:00,-10,2016-07-22 09:00:00,1.00,38.600,40.200
extreme,P99,0.99,2016-07-22 19:00:00,-9,2016-07-22 10:00:00,0.90,39.500,40.200
extreme,P99,0.99,2016-07-22 19:00:00,-8,2016-07-22 11:00:00,0.60,40.100,40.200
extreme,P99,0.99,2016-07-22 19:00:00,-7,2016-07-22 12:00:00,0.00,40.100,40.200
extreme,P99,0.99,2016-07-22 19:00:00,-6,2016-07-22 13:00:00,0.00,40.100,40.200
extreme,P99,0.99,2016-07-22 19:00:00,-5,2016-07-22 14:00:00,0.00,40.100,40.200
extreme,P99,0.99,2016-07-22 19:00:00,-4,2016-07-22 15:00:00,0.00,40.100,40.200
extreme,P99,0.99,2016-07-22 19:00:00,-3,2016-07-22 16:00:00,0.00,40.100,40.200
extreme,P99,0.99,2016-07-22 19:00:00,-2,2016-07-22 17:00:00,0.00,40.100,40.200
extreme,P99,0.99,2016-07-22 19:00:00,-1,2016-07-22 18:00:00,0.00,40.100,40.200
extreme,P99,0.99,2016-07-22 19:00:00,0,2016-07-22 19:00:00,0.10,40.200,40.200
extreme,P99,0.99,2016-07-22 19:00:00,1,2016-07-22 20:00:00,0.20,39.600,40.200
extreme,P99,0.99,2016-07-22 19:00:00,2,2016-07-22 21:00:00,0.10,38.800,40.200
extreme,P99,0.99,2016-07-22 19:00:00,3,2016-07-22 22:00:00,0.00,38.000,40.200
extreme,P99,0.99,2016-07-22 19:00:00,4,2016-07-22 23:00:00,0.00,37.300,40.200
extreme,P99,0.99,2016-07-22 19:00:00,5,2016-07-23 00:00:00,0.30,35.200,40.200
extreme,P99,0.99,2016-07-22 19:00:00,6,2016-07-23 01:00:00,0.30,31.100,40.200
extreme,P99,0.99,2016-07-22 19:00:00,7,2016-07-23 02:00:00,0.40,25.800,40.200
extreme,P99,0.99,2016-07-22 19:00:00,8,2016-07-23 03:00:00,0.30,20.200,40.200
extreme,P99,0.99,2016-07-22 19:00:00,9,2016-07-23 04:00:00,0.40,15.600,40.200
extreme,P99,0.99,2016-07-22 19:00:00,10,2016-07-23 05:00:00,0.30,11.700,40.200
extreme,P99,0.99,2016-07-22 19:00:00,11,2016-07-23 06:00:00,0.30,8.800,40.200
extreme,P99,0.99,2016-07-22 19:00:00,12,2016-07-23 07:00:00,0.30,6.800,40.200
extreme,P99,0.99,2016-07-22 19:00:00,13,2016-07-23 08:00:00,0.20,5.700,40.200
extreme,P99,0.99,2016-07-22 19:00:00,14,2016-07-23 09:00:00,0.40,5.100,40.200
extreme,P99,0.99,2016-07-22 19:00:00,15,2016-07-23 10:00:00,0.20,4.400,40.200
extreme,P99,0.99,2016-07-22 19:00:00,16,2016-07-23 11:00:00,0.10,3.900,40.200
extreme,P99,0.99,2016-07-22 19:00:00,17,2016-07-23 12:00:00,0.00,3.900,40.200
extreme,P99,0.99,2016-07-22 19:00:00,18,2016-07-23 13:00:00,0.00,3.900,40.200
extreme,P99,0.99,2016-07-22 19:00:00,19,2016-07-23 14:00:00,0.00,3.900,40.200
extreme,P99,0.99,2016-07-22 19:00:00,20,2016-07-23 15:00:00,0.00,3.900,40.200
extreme,P99,0.99,2016-07-22 19:00:00,21,2016-07-23 16:00:00,0.00,3.900,40.200
extreme,P99,0.99,2016-07-22 19:00:00,22,2016-07-23 17:00:00,0.00,3.900,40.200
extreme,P99,0.99,2016-07-22 19:00:00,23,2016-07-23 18:00:00,0.00,3.900,40.200
