road_id,flood_point_id,distance_m,depth_inches,depth_cm,zone,ward
osm_299880378_313444440_0,40,7.81,7.0,17.78,,
osm_299880592_313444440_0,40,16.91,7.0,17.78,,
osm_313444440_299880378_0,40,7.81,7.0,17.78,,
osm_313444440_299880592_0,40,16.91,7.0,17.78,,
osm_313444440_313444496_0,40,16.22,7.0,17.78,,
osm_313444440_339281255_0,40,16.91,7.0,17.78,,
osm_313444496_313444440_0,40,16.22,7.0,17.78,,
osm_339281255_313444440_0,40,16.91,7.0,17.78,,
osm_299880378_313444440_0,41,26.24,6.5,16.51,,
osm_299880592_313444440_0,41,7.42,6.5,16.51,,
osm_313444440_299880378_0,41,26.24,6.5,16.51,,
osm_313444440_299880592_0,41,7.42,6.5,16.51,,
osm_313444440_313444496_0,41,23.06,6.5,16.51,,
osm_313444440_339281255_0,41,26.24,6.5,16.51,,
osm_313444496_313444440_0,41,23.06,6.5,16.51,,
osm_339281255_313444440_0,41,26.24,6.5,16.51,,
osm_339281255_2168960236_0,41,49.71,6.5,16.51,,
osm_2168960236_339281255_0,41,49.71,6.5,16.51,,
osm_299880592_313444440_0,43,18.81,6.5,16.51,,
osm_299880592_11039527436_0,43,18.8,6.5,16.51,,
osm_313444440_299880592_0,43,18.81,6.5,16.51,,
osm_11039527436_299880592_0,43,18.8,6.5,16.51,,
osm_978534729_6245941236_0,44,27.46,6.5,16.51,,
osm_978534729_11601420881_0,44,2.72,6.5,16.51,,
osm_978534827_2166938859_0,44,43.23,6.5,16.51,,
osm_978534827_6502990193_0,44,39.94,6.5,16.51,,
osm_2166938859_978534827_0,44,43.23,6.5,16.51,,
osm_6245941237_978534827_0,44,43.23,6.5,16.51,,
osm_6502990194_978534729_0,44,25.51,6.5,16.51,,
osm_11601420881_978534729_0,44,2.72,6.5,16.51,,
osm_338250110_6307351119_0,45,40.67,5.5,13.97,,
osm_1355465117_12725165091_0,45,7.19,5.5,13.97,,
osm_6245898775_6307351119_0,45,40.67,5.5,13.97,,
osm_6307351119_1355465116_0,45,32.53,5.5,13.97,,
osm_6307351119_338250110_0,45,40.67,5.5,13.97,,
osm_7825587412_7825587405_0,45,23.79,5.5,13.97,,
osm_12725165090_7825578381_0,45,3.33,5.5,13.97,,
osm_299879128_11059186577_0,49,49.27,6.0,15.24,,
osm_299879177_1241211260_0,49,40.87,6.0,15.24,,
osm_338282602_338406481_0,49,25.25,6.0,15.24,,
osm_338282602_12157030704_0,49,25.25,6.0,15.24,,
osm_338406481_338282602_0,49,25.25,6.0,15.24,,
osm_1241211260_1241211262_0,49,40.87,6.0,15.24,,
osm_1241211260_1889993384_0,49,0.59,6.0,15.24,,
osm_1241211262_11059186577_0,49,49.26,6.0,15.24,,
osm_1241211262_1241211260_0,49,40.87,6.0,15.24,,
osm_10120160579_12157030704_0,49,11.85,6.0,15.24,,
osm_11059186577_299879128_0,49,49.27,6.0,15.24,,
osm_11059186577_1241211262_0,49,49.26,6.0,15.24,,
osm_11059186577_11059186578_0,49,49.27,6.0,15.24,,
osm_11059186578_11059186577_0,49,49.27,6.0,15.24,,
osm_11059186600_338282602_0,49,20.05,6.0,15.24,,
osm_338282602_338406481_0,50,38.43,6.0,15.24,,
osm_338282602_12157030704_0,50,38.43,6.0,15.24,,
osm_338406481_338282602_0,50,38.43,6.0,15.24,,
osm_1241211260_1889993384_0,50,1.81,6.0,15.24,,
osm_10120160579_12157030704_0,50,13.19,6.0,15.24,,
osm_11059186600_338282602_0,50,21.54,6.0,15.24,,
osm_299878850_313857711_0,51,45.04,6.0,15.24,,
osm_299878850_299878915_0,51,45.04,6.0,15.24,,
osm_299878850_299878883_0,51,10.07,6.0,15.24,,
osm_299878883_299878850_0,51,10.07,6.0,15.24,,
osm_299878883_313857700_0,51,3.68,6.0,15.24,,
osm_299878883_7806670135_0,51,10.07,6.0,15.24,,
osm_299878915_299878850_0,51,45.04,6.0,15.24,,
osm_299879128_313857700_0,51,38.21,6.0,15.24,,
osm_313857700_299879128_0,51,38.21,6.0,15.24,,
osm_313857700_299878883_0,51,3.68,6.0,15.24,,
osm_313857700_1889993380_0,51,38.46,6.0,15.24,,
osm_313857711_299878850_0,51,45.04,6.0,15.24,,
osm_1889993380_313857700_0,51,38.46,6.0,15.24,,
osm_7806670135_299878883_0,51,10.07,6.0,15.24,,
osm_338406860_12497489527_0,52,13.92,6.5,16.51,,
osm_10120160579_12157030704_0,52,25.19,6.5,16.51,,
osm_10120160579_12294623164_0,52,39.68,6.5,16.51,,
osm_10120160611_10120161726_0,52,0.71,6.5,16.51,,
osm_10120160611_12294623165_0,52,32.97,6.5,16.51,,
osm_10120161726_243326004_0,52,0.75,6.5,16.51,,
osm_10120161792_2167149046_0,52,18.34,6.5,16.51,,
osm_12294623164_12294623165_0,52,39.68,6.5,16.51,,
osm_12294623164_10120161726_0,52,0.75,6.5,16.51,,
osm_12294623165_12294623164_0,52,39.68,6.5,16.51,,
osm_338406860_12497489527_0,53,14.45,6.0,15.24,,
osm_10120160579_12157030704_0,53,33.14,6.0,15.24,,
osm_10120160579_12294623164_0,53,39.42,6.0,15.24,,
osm_10120160611_10120161726_0,53,9.57,6.0,15.24,,
osm_10120160611_12294623165_0,53,41.34,6.0,15.24,,
osm_10120161726_243326004_0,53,0.37,6.0,15.24,,
osm_10120161792_2167149046_0,53,10.93,6.0,15.24,,
osm_12294623164_12294623165_0,53,39.42,6.0,15.24,,
osm_12294623164_10120161726_0,53,9.57,6.0,15.24,,
osm_12294623165_12294623164_0,53,39.42,6.0,15.24,,
osm_243326004_338406860_0,54,15.69,6.0,15.24,,
osm_243326004_4450473918_0,54,15.69,6.0,15.24,,
osm_243326004_338461410_0,54,10.27,6.0,15.24,,
osm_338406860_243326004_0,54,15.69,6.0,15.24,,
osm_338406860_12497489527_0,54,24.47,6.0,15.24,,
osm_338461403_338406860_0,54,26.47,6.0,15.24,,
osm_338461410_243326004_0,54,10.27,6.0,15.24,,
osm_10120161726_243326004_0,54,10.51,6.0,15.24,,
osm_10120161792_2167149046_0,54,17.16,6.0,15.24,,
osm_243326004_338406860_0,55,11.87,5.5,13.97,,
osm_243326004_4450473918_0,55,11.87,5.5,13.97,,
osm_243326004_338461410_0,55,0.62,5.5,13.97,,
osm_338406860_243326004_0,55,11.87,5.5,13.97,,
osm_338406860_12497489527_0,55,24.72,5.5,13.97,,
osm_338461403_338406860_0,55,24.72,5.5,13.97,,
osm_338461410_243326004_0,55,0.62,5.5,13.97,,
osm_10120161726_243326004_0,55,11.84,5.5,13.97,,
osm_10120161792_2167149046_0,55,18.08,5.5,13.97,,
osm_243326004_338406860_0,56,18.92,6.0,15.24,,
osm_243326004_4450473918_0,56,18.92,6.0,15.24,,
osm_243326004_338461410_0,56,1.03,6.0,15.24,,
osm_338406860_243326004_0,56,18.92,6.0,15.24,,
osm_338406860_12497489527_0,56,31.78,6.0,15.24,,
osm_338461403_338406860_0,56,31.78,6.0,15.24,,
osm_338461410_243326004_0,56,1.03,6.0,15.24,,
osm_10120161726_243326004_0,56,18.9,6.0,15.24,,
osm_10120161792_2167149046_0,56,25.14,6.0,15.24,,
osm_299883320_325210402_0,57,3.61,6.0,15.24,,
osm_325210402_338461410_0,57,4.93,6.0,15.24,,
osm_325210402_299883320_0,57,3.61,6.0,15.24,,
osm_325210402_338461428_0,57,3.21,6.0,15.24,,
osm_338461410_325210402_0,57,4.93,6.0,15.24,,
osm_338461428_325210402_0,57,3.21,6.0,15.24,,
osm_299883320_325210402_0,58,5.81,6.0,15.24,,
osm_325210402_338461410_0,58,5.79,6.0,15.24,,
osm_325210402_299883320_0,58,5.81,6.0,15.24,,
osm_325210402_338461428_0,58,0.63,6.0,15.24,,
osm_338461410_325210402_0,58,5.79,6.0,15.24,,
osm_338461428_325210402_0,58,0.63,6.0,15.24,,
osm_299883320_325210402_0,59,3.33,6.0,15.24,,
osm_325210402_299883320_0,59,3.33,6.0,15.24,,
osm_299883320_325210402_0,60,5.38,6.0,15.24,,
osm_325210402_299883320_0,60,5.38,6.0,15.24,,
osm_299883320_325210402_0,61,2.62,6.0,15.24,,
osm_325210402_299883320_0,61,2.62,6.0,15.24,,
osm_299883320_325210402_0,62,7.14,9.0,22.86,,
osm_325210402_299883320_0,62,7.14,9.0,22.86,,
osm_299883320_12244063246_0,63,27.56,8.0,20.32,,
osm_299883320_299883324_0,63,27.44,8.0,20.32,,
osm_299883320_325210402_0,63,7.79,8.0,20.32,,
osm_299883324_299883320_0,63,27.44,8.0,20.32,,
osm_300313515_12244063246_0,63,47.5,8.0,20.32,,
osm_325210402_299883320_0,63,7.79,8.0,20.32,,
osm_12244063246_299883320_0,63,27.56,8.0,20.32,,
osm_12244063246_12244063247_0,63,47.29,8.0,20.32,,
osm_12244063246_300313515_0,63,47.5,8.0,20.32,,
osm_12244063247_12244063246_0,63,47.29,8.0,20.32,,
osm_299883320_12244063246_0,64,14.29,9.0,22.86,,
osm_299883320_299883324_0,64,14.29,9.0,22.86,,
osm_299883320_325210402_0,64,1.86,9.0,22.86,,
osm_299883324_299883320_0,64,14.29,9.0,22.86,,
osm_300313515_12244063246_0,64,33.93,9.0,22.86,,
osm_325210402_299883320_0,64,1.86,9.0,22.86,,
osm_12244063246_299883320_0,64,14.29,9.0,22.86,,
osm_12244063246_12244063247_0,64,33.86,9.0,22.86,,
osm_12244063246_300313515_0,64,33.93,9.0,22.86,,
osm_12244063247_12244063246_0,64,33.86,9.0,22.86,,
osm_299883320_12244063246_0,65,7.16,9.5,24.13,,
osm_299883320_299883324_0,65,7.16,9.5,24.13,,
osm_299883320_325210402_0,65,3.7,9.5,24.13,,
osm_299883324_299883320_0,65,7.16,9.5,24.13,,
osm_300313515_12244063246_0,65,24.64,9.5,24.13,,
osm_325210402_299883320_0,65,3.7,9.5,24.13,,
osm_12244063246_299883320_0,65,7.16,9.5,24.13,,
osm_12244063246_12244063247_0,65,24.64,9.5,24.13,,
osm_12244063246_300313515_0,65,24.64,9.5,24.13,,
osm_12244063247_12244063246_0,65,24.64,9.5,24.13,,
osm_299883320_12244063246_0,66,4.49,7.5,19.05,,
osm_299883320_299883324_0,66,9.54,7.5,19.05,,
osm_299883320_325210402_0,66,9.54,7.5,19.05,,
osm_299883324_299883320_0,66,9.54,7.5,19.05,,
osm_300313515_12244063246_0,66,12.59,7.5,19.05,,
osm_325210402_299883320_0,66,9.54,7.5,19.05,,
osm_12244063246_299883320_0,66,4.49,7.5,19.05,,
osm_12244063246_12244063247_0,66,12.59,7.5,19.05,,
osm_12244063246_300313515_0,66,12.59,7.5,19.05,,
osm_12244063247_12244063246_0,66,12.59,7.5,19.05,,
osm_1889993384_10281826355_0,67,21.28,6.0,15.24,,
osm_10120160579_12157030704_0,67,10.58,6.0,15.24,,
osm_10281826355_10281826356_0,67,28.42,6.0,15.24,,
osm_10281826355_10120160611_0,67,33.77,6.0,15.24,,
osm_10281826356_10281826355_0,67,28.42,6.0,15.24,,
osm_10281826356_338406517_0,67,0.76,6.0,15.24,,
osm_12497489527_10281826356_0,67,28.48,6.0,15.24,,
osm_338406517_11059186600_0,30,25.42,6.0,15.24,,
osm_338406517_11768865771_0,30,31.58,6.0,15.24,,
osm_1241211260_1889993384_0,30,4.81,6.0,15.24,,
osm_10120160579_12157030704_0,30,16.61,6.0,15.24,,
osm_10281826356_338406517_0,30,31.58,6.0,15.24,,
osm_11059186600_338282602_0,30,28.97,6.0,15.24,,
osm_11059186600_11059288307_0,30,28.97,6.0,15.24,,
osm_11059288307_11059186600_0,30,28.97,6.0,15.24,,
osm_11768865771_338406517_0,30,31.58,6.0,15.24,,
osm_313857702_1751203573_0,31,47.9,6.5,16.51,,
osm_1751203573_313857702_0,31,47.9,6.5,16.51,,
osm_1751205809_6583208815_0,31,23.49,6.5,16.51,,
osm_6583208815_1751205809_0,31,23.49,6.5,16.51,,
osm_6583208815_10120160596_0,31,23.49,6.5,16.51,,
osm_10120160579_12157030704_0,31,20.53,6.5,16.51,,
osm_10120160579_12294623164_0,31,31.8,6.5,16.51,,
osm_10120161792_2167149046_0,31,7.57,6.5,16.51,,
osm_12294623165_6583208815_0,31,0.58,6.5,16.51,,
osm_313857702_1751203573_0,32,48.42,7.0,17.78,,
osm_1751203573_1751205809_0,32,32.39,7.0,17.78,,
osm_1751203573_313857702_0,32,48.42,7.0,17.78,,
osm_1751205028_1751205809_0,32,32.31,7.0,17.78,,
osm_1751205809_1751203573_0,32,32.39,7.0,17.78,,
osm_1751205809_1751205028_0,32,32.31,7.0,17.78,,
osm_1751205809_6583208815_0,32,1.02,7.0,17.78,,
osm_6583208815_1751205809_0,32,1.02,7.0,17.78,,
osm_300464465_11043646146_0,33,36.47,8.0,20.32,,
osm_2167149032_5388533203_0,33,13.46,8.0,20.32,,
osm_2167149032_2167027825_0,33,13.72,8.0,20.32,,
osm_5388533203_2167149032_0,33,13.46,8.0,20.32,,
osm_10120160579_12157030704_0,33,28.62,8.0,20.32,,
osm_10120160579_12294623164_0,33,29.31,8.0,20.32,,
osm_10120160596_11832488583_0,33,9.24,8.0,20.32,,
osm_10120161792_2167149046_0,33,15.25,8.0,20.32,,
osm_11043646146_10120160579_0,33,29.31,8.0,20.32,,
osm_11043646146_11043646148_0,33,36.47,8.0,20.32,,
osm_11043646148_11043646146_0,33,36.47,8.0,20.32,,
osm_11832488583_2167149032_0,33,7.18,8.0,20.32,,
osm_11832488583_11832488587_0,33,6.55,8.0,20.32,,
osm_11832488587_11832488583_0,33,6.55,8.0,20.32,,
osm_247714672_366081884_0,34,37.2,29.0,73.66,,
osm_247714672_300195705_0,34,31.43,29.0,73.66,,
osm_366081878_366081884_0,34,40.06,29.0,73.66,,
osm_366081884_247714672_0,34,37.2,29.0,73.66,,
osm_366081884_6812001750_0,34,47.51,29.0,73.66,,
osm_366081918_247714672_0,34,37.2,29.0,73.66,,
osm_280086989_299382073_0,37,1.95,7.0,17.78,,
osm_299382073_280086989_0,37,1.95,7.0,17.78,,
osm_299880378_300184118_0,38,47.95,9.5,24.13,,
osm_299880546_299880563_0,38,33.74,9.5,24.13,,
osm_299880563_299880546_0,38,33.74,9.5,24.13,,
osm_299880563_6245847123_0,38,33.74,9.5,24.13,,
osm_299880563_2168960201_0,38,3.73,9.5,24.13,,
osm_300184118_2168960201_0,38,8.46,9.5,24.13,,
osm_300184118_11043431557_0,38,47.95,9.5,24.13,,
osm_300184118_299880378_0,38,47.95,9.5,24.13,,
osm_2168960201_300184118_0,38,8.46,9.5,24.13,,
osm_2168960201_2168960204_0,38,7.58,9.5,24.13,,
osm_2168960201_299880563_0,38,3.73,9.5,24.13,,
osm_2168960204_2168960211_0,38,49.67,9.5,24.13,,
osm_2168960204_2168960209_0,38,49.67,9.5,24.13,,
osm_2168960204_2168960201_0,38,7.58,9.5,24.13,,
osm_2168960209_2168960204_0,38,49.67,9.5,24.13,,
osm_2168960211_2168960204_0,38,49.67,9.5,24.13,,
osm_6245847123_299880563_0,38,33.74,9.5,24.13,,
osm_11043431557_300184118_0,38,47.95,9.5,24.13,,
osm_299880378_300184118_0,39,23.01,7.5,19.05,,
osm_299880563_2168960201_0,39,18.54,7.5,19.05,,
osm_300184118_2168960201_0,39,5.18,7.5,19.05,,
osm_300184118_11043431557_0,39,23.01,7.5,19.05,,
osm_300184118_299880378_0,39,23.01,7.5,19.05,,
osm_2168960201_300184118_0,39,5.18,7.5,19.05,,
osm_2168960201_2168960204_0,39,17.8,7.5,19.05,,
osm_2168960201_299880563_0,39,18.54,7.5,19.05,,
osm_2168960204_2168960211_0,39,48.04,7.5,19.05,,
osm_2168960204_2168960201_0,39,17.8,7.5,19.05,,
osm_2168960211_2168960204_0,39,48.04,7.5,19.05,,
osm_11043431557_300184118_0,39,23.01,7.5,19.05,,
